HLA,HLA_sequence
HLA-A*01:01,YFAMYQENMAHTDANTLYIIYRDYTWVARVYRGY
HLA-A*02:01,YFAMYGEKVAHTHVDTLYVRYHYYTWAVLAYTWY
HLA-A*02:02,YFAMYGEKVAHTHVDTLYLRYHYYTWAVWAYTWY
HLA-A*02:03,YFAMYGEKVAHTHVDTLYVRYHYYTWAEWAYTWY
HLA-A*02:04,YFAMYGEKVAHTHVDTLYVMYHYYTWAVLAYTWY
HLA-A*02:05,YYAMYGEKVAHTHVDTLYLRYHYYTWAVWAYTWY
HLA-A*02:06,YYAMYGEKVAHTHVDTLYVRYHYYTWAVLAYTWY
HLA-A*02:07,YFAMYGEKVAHTHVDTLYVRCHYYTWAVLAYTWY
HLA-A*02:11,YFAMYGEKVAHIDVDTLYVRYHYYTWAVLAYTWY
HLA-A*02:12,YFAMYGEKVAHTHVDTLYVRYHYYTWAVQAYTWY
HLA-A*02:16,YFAMYGEKVAHTHVDTLYVRYHYYTWAVLAYEWY
HLA-A*02:17,YFAMYGEKVAHTHVDTLYLMFHYYTWAVLAYTWY
HLA-A*02:19,YFAMYGEKVAHTHVDTLYVRYHYYTWAVQAYTGY
HLA-A*02:20,YFAMYGENVAHTHVDTLYVRYHYYTWAVLAYTWY
HLA-A*02:50,YFAMYGEKVAHTHVDTLYIRYHYYTWAVWAYTWY
HLA-A*03:01,YFAMYQENVAQTDVDTLYIIYRDYTWAELAYTWY
HLA-A*11:01,YYAMYQENVAQTDVDTLYIIYRDYTWAAQAYRWY
HLA-A*23:01,YSAMYEEKVAHTDENIAYLMFHYYTWAVLAYTGY
HLA-A*24:02,YSAMYEEKVAHTDENIAYLMFHYYTWAVQAYTGY
HLA-A*24:03,YSAMYEEKVAHTDENIAYLMFHYYTWAVQAYTWY
HLA-A*24:06,YSAMYEEKVAHTDENIAYLMFHYYTWAVWAYTGY
HLA-A*24:13,YSAMYEEKVAHTDENIAYLMFHYYTWAVLAYTGY
HLA-A*25:01,YYAMYRNNVAHTDESIAYIRYQDYTWAEWAYRWY
HLA-A*26:01,YYAMYRNNVAHTDANTLYIRYQDYTWAEWAYRWY
HLA-A*26:02,YYAMYRNNVAHTDANTLYIRYQNYTWAEWAYRWY
HLA-A*26:03,YYAMYRNNVAHTHVDTLYIRYQDYTWAEWAYRWY
HLA-A*29:02,YTAMYLQNVAQTDANTLYIMYRDYTWAVLAYTWY
HLA-A*30:01,YSAMYQENVAQTDVDTLYIIYEHYTWAWLAYTWY
HLA-A*30:02,YSAMYQENVAHTDENTLYIIYEHYTWARLAYTWY
HLA-A*31:01,YTAMYQENVAHIDVDTLYIMYQDYTWAVLAYTWY
HLA-A*32:01,YFAMYQENVAHTDESIAYIMYQDYTWAVLAYTWY
HLA-A*32:07,YSAMYQENVAHTDESIAYIMYQDYTWAVLAYTWY
HLA-A*32:15,YFAMYRNNVAHTDESIAYIMYQDYTWAVLAYTWY
HLA-A*33:01,YTAMYRNNVAHIDVDTLYIMYQDYTWAVLAYTWH
HLA-A*66:01,YYAMYRNNVAQTDVDTLYIRYQDYTWAEWAYRWY
HLA-A*68:01,YYAMYRNNVAQTDVDTLYIMYRDYTWAVWAYTWY
HLA-A*68:02,YYAMYRNNVAQTDVDTLYIRYHYYTWAVWAYTWY
HLA-A*68:23,YYAMYRNNVAQTDVDTLYIRYRDYTWAVWAYTWY
HLA-A*69:01,YYAMYRNNVAQTDVDTLYVRYHYYTWAVLAYTWY
HLA-A*80:01,YFAMYEENVAHTNANTLYIIYRDYTWARLAYEGY
HLA-B*07:02,YYSEYRNIYAQTDESNLYLSYDYYTWAERAYEWY
HLA-B*08:01,YDSEYRNIFTNTDESNLYLSYNYYTWAVDAYTWY
HLA-B*13:02,YYTMYREISTNTYENTAYWTYNLYTWAVLAYEWY
HLA-B*14:01,YYSEYRNICTNTDESNLYLWYNFYTWAELAYTWH
HLA-B*14:02,YYSEYRNICTNTDESNLYLWYNFYTWAELAYTWH
HLA-B*15:01,YYAMYREISTNTYESNLYLRYDSYTWAEWAYLWY
HLA-B*15:02,YYAMYRNISTNTYESNLYIRYDSYTWAELAYLWY
HLA-B*15:03,YYSEYREISTNTYESNLYLRYDSYTWAELAYLWY
HLA-B*15:09,YYSEYRNICTNTYESNLYLRYNYYTWAELAYLWY
HLA-B*15:11,YYAMYRNIYTNTYESNLYLRYDSYTWAEWAYLWY
HLA-B*15:17,YYAMYRENMASTYENIAYLRYHDYTWAELAYLWY
HLA-B*15:18,YYSEYRNICTNTYESNLYLRYDSYTWAELAYLWY
HLA-B*15:42,YYAMYREISTNTYESNLYWTYNLYTWAELAYTWY
HLA-B*18:01,YHSTYRNISTNTYESNLYLRYDSYTWAVLAYTWH
HLA-B*18:03,YHSTYRNISTNTDESNLYLRYDSYTWAVLAYTWH
HLA-B*27:01,YHTEYREICAKTYENTAYLNYHDYTWAVLAYEWY
HLA-B*27:02,YHTEYREICAKTDENIAYLNYHDYTWAVLAYEWY
HLA-B*27:03,YHTEHREICAKTDEDTLYLNYHDYTWAVLAYEWY
HLA-B*27:04,YHTEYREICAKTDESTLYLNYHDYTWAELAYEWY
HLA-B*27:05,YHTEYREICAKTDEDTLYLNYHDYTWAVLAYEWY
HLA-B*27:06,YHTEYREICAKTDESTLYLNYDYYTWAELAYEWY
HLA-B*27:07,YHTEYREICAKTDEDTLYLSYNYYTWAVLAYEWY
HLA-B*27:08,YHTEYREICAKTDESNLYLNYHDYTWAVLAYEWY
HLA-B*27:09,YHTEYREICAKTDEDTLYLNYHHYTWAVLAYEWY
HLA-B*27:20,YHTEYREICAKTDESTLYLNYNYYTWAELAYEWY
HLA-B*35:01,YYATYRNIFTNTYESNLYIRYDSYTWAVLAYLWY
HLA-B*35:03,YYATYRNIFTNTYESNLYIRYDFYTWAVLAYLWY
HLA-B*35:08,YYATYRNIFTNTYESNLYIRYDSYTWAVRAYLWY
HLA-B*37:01,YHSTYREISTNTYEDTLYIRSNFYTWAVDAYTWY
HLA-B*38:01,YYSEYRNICTNTYENIAYLRYNFYTWAVLTYTWY
HLA-B*39:01,YYSEYRNICTNTDESNLYLRYNFYTWAVLTYTWY
HLA-B*39:06,YYSEYRNICTNTDESNLYWTYNFYTWAVLTYTWY
HLA-B*39:24,YYSEYRNICTNTDESNLYLSYNFYTWAVLTYTWY
HLA-B*40:01,YHTKYREISTNTYESNLYLRYNYYSLAVLAYEWY
HLA-B*40:02,YHTKYREISTNTYESNLYLSYNYYTWAVLAYEWY
HLA-B*41:01,YHTKYREISTNTYESNLYWRYNYYTWAVDAYTWY
HLA-B*44:02,YYTKYREISTNTYENTAYIRYDDYTWAVDAYLSY
HLA-B*44:03,YYTKYREISTNTYENTAYIRYDDYTWAVLAYLSY
HLA-B*44:27,YYTKYREISTNTYENTAYIRYDDYTWAVDAYLSY
HLA-B*45:01,YHTKYREISTNTYESNLYWRYNLYTWAVDAYLSY
HLA-B*45:06,YHTKYREIYAQTDESNLYWRYNLYTWAVDAYLSY
HLA-B*46:01,YYAMYREKYRQTDVSNLYLRYDSYTWAEWAYLWY
HLA-B*48:01,YYSEYREISTNTYESNLYLSYNYYSLAVLAYEWY
HLA-B*49:01,YHTKYREISTNTYENIAYWRYNLYTWAELAYLWY
HLA-B*50:01,YHTKYREISTNTYESNLYWRYNLYTWAELAYLWY
HLA-B*51:01,YYATYRNIFTNTYENIAYWTYNYYTWAELAYLWH
HLA-B*51:08,YYATYRNIFTNTYENIAYWTYNYYTWAVDAYLWH
HLA-B*52:01,YYATYREISTNTYENIAYWTYNYYTWAELAYLWH
HLA-B*53:01,YYATYRNIFTNTYENIAYIRYDSYTWAVLAYLWY
HLA-B*54:01,YYAGYRNIYAQTDESNLYWTYNLYTWAVLAYTWY
HLA-B*56:01,YYAEYRNIYAQTDESNLYWTYNLYTWAVLAYLWY
HLA-B*57:01,YYAMYGENMASTYENIAYIVYDSYTWAVLAYLWY
HLA-B*57:03,YYAMYGENMASTYENIAYIVYNYYTWAVLAYLWY
HLA-B*58:01,YYATYGENMASTYENIAYIRYDSYTWAVLAYLWY
HLA-B*73:01,YHTEYRNICAKTDVGNLYWTYNFYTWAVLAYEWH
HLA-B*83:01,YYSEYRNIYAQTDESNLYIRYDDYTWAVDAYLSY
HLA-C*01:02,YFSGYREKYRQTDVSNLYLWCDYYTWAERAYTWY
HLA-C*02:02,YYAGYREKYRQTDVNKLYLRYDSYTWAEWAYEWY
HLA-C*03:03,YYAGYREKYRQTDVSNLYIRYDYYTWAELAYLWY
HLA-C*03:04,YYAGYREKYRQTDVSNLYIRYDYYTWAELAYLWY
HLA-C*04:01,YSAGYREKYRQADVNKLYLRFNFYTWAERAYTWY
HLA-C*05:01,YYAGYREKYRQTDVNKLYLRYNFYTWAERAYTWY
HLA-C*06:02,YDSGYREKYRQADVNKLYLWYDSYTWAEWAYTWY
HLA-C*07:01,YDSGYRENYRQADVSNLYLRYDSYTLAALAYTWY
HLA-C*07:02,YDSGYREKYRQADVSNLYLRSDSYTLAALAYTWY
HLA-C*07:04,YDSGYREKYRQADVSNLYFRYDFYTLAADAYTWY
HLA-C*08:02,YYAGYREKYRQTDVSNLYLRYNFYTWAERAYTWY
HLA-C*12:03,YYAGYREKYRQADVSNLYLWYDSYTWAEWAYTWY
HLA-C*14:02,YSAGYREKYRQTDVSNLYLWFDSYTWAERAYTWY
HLA-C*15:02,YYAGYRENYRQTDVNKLYIRYDLYTWAELAYTWY
HLA-C*16:01,YYAGYREKYRQTDVSNLYLWYDSYTWAAQAYTWY
HLA-C*17:01,YYAGYREKYRQADVNKLYIRYNFYSLAELAYEWY
